%Intel Confidential
TAP Name,ID Value,ID Opcode,Parent TAP,Hierarchy Level,IR Length,Select DR Length,Even Bit Position,Security Level
CL_CLTAPC,0x0001F113,0x2,NA,0,8,4,NA,Confidential
DFX_RGNCL_STAP,0x02080001,0xC,CL_CLTAPC,1,8,30,0,Confidential
DFX_RGNBOTTOM_STAP,0x0208C001,0xC,DFX_RGNCL_STAP,2,8,30,0,Confidential
DFX_PARCAVSMEM_STAP,0x02084001,0xC,DFX_RGNBOTTOM_STAP,3,8,24,0,Confidential
ADSP_TSC1_STAP,0x040804E5,0x1E,DFX_PARCAVSMEM_STAP,4,5,NA,6,Restricted Secret
ADSP_TSC2_STAP,0x040904E5,0x1E,DFX_PARCAVSMEM_STAP,4,5,NA,8,Restricted Secret
DFX_PARCAVSMEM_RETIME_RTAP,0x00000000,0x0,DFX_PARCAVSMEM_STAP,4,2,NA,22,Confidential
DFX_RGNBOTTOM_RETIME_RTAP,0x00000000,0x0,DFX_RGNBOTTOM_STAP,3,2,NA,28,Confidential
DFX_RGNLEFT_STAP,0x0208C003,0xC,DFX_RGNCL_STAP,2,8,30,2,Confidential
DFX_PARISH_STAP,0x02086105,0xC,DFX_RGNLEFT_STAP,3,8,24,4,Confidential
ISH_MIA_STAP,0x38289013,0x2,DFX_PARISH_STAP,4,8,NA,0,Restricted Secret
DFX_PARISH_RETIME_RTAP,0x00000000,0x0,DFX_PARISH_STAP,4,2,NA,22,Confidential
DFX_PARNPK_STAP,0x02086107,0xC,DFX_RGNLEFT_STAP,3,8,24,6,Confidential
NPK_STAP,0x00086301,0xC,DFX_PARNPK_STAP,4,8,NA,0,Confidential
DFX_PARNPK_RETIME_RTAP,0x00000000,0x0,DFX_PARNPK_STAP,4,2,NA,22,Confidential
DFX_PARCNV_STAP,0x0208610F,0xC,DFX_RGNLEFT_STAP,3,8,24,14,Confidential
CNVI_STAP,0x06086701,0x4,DFX_PARCNV_STAP,4,4,0,0,Restricted Secret
DFX_PARCNV_RETIME_RTAP,0x00000000,0x0,DFX_PARCNV_STAP,4,2,NA,22,Confidential
DFX_RGNLEFT_RETIME_RTAP,0x00000000,0x0,DFX_RGNLEFT_STAP,3,2,NA,28,Confidential
DFX_RGNTOP_STAP,0x0208C007,0xC,DFX_RGNCL_STAP,2,8,30,6,Confidential
DFX_PARCFMIA_STAP,0x0208A307,0xC,DFX_RGNTOP_STAP,3,8,24,6,Confidential
CSME_MIA_STAP,0x38289013,0x2,DFX_PARCFMIA_STAP,4,8,NA,0,Top Secret
DFX_PARCFMIA_RETIME_RTAP,0x00000000,0x0,DFX_PARCFMIA_STAP,4,2,NA,22,Confidential
DFX_PARPMC_STAP,0x0208A30F,0xC,DFX_RGNTOP_STAP,3,8,24,14,Confidential
PMC_STAP,0x200424B1,0xC,DFX_PARPMC_STAP,4,4,NA,0,Top Secret
DFX_PARPMC_RETIME_RTAP,0x00000000,0x0,DFX_PARPMC_STAP,4,2,NA,22,Confidential
DFX_MASTER_VNN_STAP,0x0208A315,0xC,DFX_RGNTOP_STAP,3,8,24,20,Confidential
TPSB_STAP,0x0008AA03,0xC,DFX_MASTER_VNN_STAP,4,8,NA,2,Confidential
DFX_MASTER_VNN_RETIME_RTAP,0x00000000,0x0,DFX_MASTER_VNN_STAP,4,2,NA,22,Confidential
DFX_MASTER_STAP,0x0208A317,0xC,DFX_RGNTOP_STAP,3,8,24,22,Confidential
DFX_SECAGG_STAP,0x0008AB01,0xC,DFX_MASTER_STAP,4,8,NA,0,Confidential
RCM_STAP,0x0008AB03,0xC,DFX_MASTER_STAP,4,8,NA,2,Restricted Secret
DFX_MASTER_RETIME_RTAP,0x00000000,0x0,DFX_MASTER_STAP,4,2,NA,22,Confidential
DFX_RGNTOP_RETIME_RTAP,0x00000000,0x0,DFX_RGNTOP_STAP,3,2,NA,28,Confidential
DFX_RGNCL_RETIME_RTAP,0x00000000,0x0,DFX_RGNCL_STAP,2,2,NA,28,Confidential
CLTAP_RETIME_RTAP,0x00000000,0x0,CL_CLTAPC,1,2,NA,2,Confidential
