%Intel Confidential
TAP Name,ID Value,ID Opcode,Parent TAP,Hierarchy Level,IR Length,Select DR Length,Even Bit Position,Security Level
CL_CLTAPC,0x0001E113,0x2,NA,0,8,4,NA,Confidential
DFX_RGNCL_STAP,0x02080001,0xC,CL_CLTAPC,1,8,30,0,Confidential
DFX_RGNTOP_STAP,0x0208C001,0xC,DFX_RGNCL_STAP,2,8,30,0,Confidential
DFX_PARNPK_STAP,0x02084003,0xC,DFX_RGNTOP_STAP,3,8,24,2,Confidential
NPK_STAP,0x00084101,0xC,DFX_PARNPK_STAP,4,8,NA,0,Confidential
DFX_PARNPK_RETIME_RTAP,0x00000000,0x0,DFX_PARNPK_STAP,4,2,NA,22,Confidential
DFX_PARCFMIA_STAP,0x02084005,0xC,DFX_RGNTOP_STAP,3,8,24,4,Confidential
CSME_MIA_STAP,0x38289013,0x2,DFX_PARCFMIA_STAP,4,8,NA,0,Top Secret
DFX_PARCFMIA_RETIME_RTAP,0x00000000,0x0,DFX_PARCFMIA_STAP,4,2,NA,22,Confidential
DFX_RGNTOP_RETIME_RTAP,0x00000000,0x0,DFX_RGNTOP_STAP,3,2,NA,28,Confidential
DFX_RGNLEFT_STAP,0x0208C003,0xC,DFX_RGNCL_STAP,2,8,30,2,Confidential
DFX_PARPMC_STAP,0x02086107,0xC,DFX_RGNLEFT_STAP,3,8,24,6,Confidential
PMC_STAP,0x200424B1,0xC,DFX_PARPMC_STAP,4,4,NA,0,Top Secret
DFX_PARPMC_RETIME_RTAP,0x00000000,0x0,DFX_PARPMC_STAP,4,2,NA,22,Confidential
DFX_MASTER_STAP,0x02086109,0xC,DFX_RGNLEFT_STAP,3,8,24,8,Confidential
DFX_SECAGG_STAP,0x00082401,0xC,DFX_MASTER_STAP,4,8,NA,0,Confidential
RCM_STAP,0x00082403,0xC,DFX_MASTER_STAP,4,8,NA,2,Restricted Secret
DFX_MASTER_RETIME_RTAP,0x00000000,0x0,DFX_MASTER_STAP,4,2,NA,22,Confidential
DFX_MASTER_VNN_STAP,0x0208610B,0xC,DFX_RGNLEFT_STAP,3,8,24,10,Confidential
TPSB_STAP,0x00082503,0xC,DFX_MASTER_VNN_STAP,4,8,NA,2,Restricted Secret
DFX_MASTER_VNN_RETIME_RTAP,0x00000000,0x0,DFX_MASTER_VNN_STAP,4,2,NA,22,Confidential
DFX_RGNLEFT_RETIME_RTAP,0x00000000,0x0,DFX_RGNLEFT_STAP,3,2,NA,28,Confidential
DFX_RGNCL_RETIME_RTAP,0x00000000,0x0,DFX_RGNCL_STAP,2,2,NA,28,Confidential
CLTAP_RETIME_RTAP,0x00000000,0x0,CL_CLTAPC,1,2,NA,2,Confidential
