%Intel Confidential
Original TAP Name,ID Value,ID Opcode,Parent TAP,Hierarchy Level,IR Length,Select DR Length,Even Bit Position,Security Level
CL_CLTAPC,0x0001D113,0x2,NA,0,8,4,NA,Confidential
DFX_RGNCL_STAP,0x02080001,0xC,CL_CLTAPC,1,8,30,0,Confidential
DFX_RGNLEFT_STAP,0x0208C003,0xC,DFX_RGNCL_STAP,2,8,30,2,Confidential
DFX_PARISH_STAP,0x02086105,0xC,DFX_RGNLEFT_STAP,3,8,24,4,Confidential
ISH_MIA_STAP,0x38289013,0x2,DFX_PARISH_STAP,4,8,NA,0,Restricted Secret
DFX_PARISH_RETIME_RTAP,0x00000000,0x0,DFX_PARISH_STAP,4,2,NA,22,Confidential
DFX_PARPMC_STAP,0x02086109,0xC,DFX_RGNLEFT_STAP,3,8,24,8,Confidential
PMC_STAP,0x200424B1,0xC,DFX_PARPMC_STAP,4,4,NA,0,Top Secret
DFX_PARPMC_RETIME_RTAP,0x00000000,0x0,DFX_PARPMC_STAP,4,2,NA,22,Confidential
DFX_MASTER_STAP,0x0208610B,0xC,DFX_RGNLEFT_STAP,3,8,24,10,Confidential
DFX_SECAGG_STAP,0x00082501,0xC,DFX_MASTER_STAP,4,8,NA,0,Confidential
RCM_STAP,0x00082503,0xC,DFX_MASTER_STAP,4,8,NA,2,Restricted Secret
DFX_MASTER_RETIME_RTAP,0x00000000,0x0,DFX_MASTER_STAP,4,2,NA,22,Confidential
DFX_PARCNV_STAP,0x0208610D,0xC,DFX_RGNLEFT_STAP,3,8,24,12,Confidential
CNVI_STAP,0x06086601,0x4,DFX_PARCNV_STAP,4,4,22,0,Restricted Secret
DFX_PARCNV_RETIME_RTAP,0x00000000,0x0,DFX_PARCNV_STAP,4,2,NA,22,Confidential
DFX_RGNLEFT_RETIME_RTAP,0x00000000,0x0,DFX_RGNLEFT_STAP,3,2,NA,28,Confidential
DFX_RGNRIGHT_STAP,0x0208C005,0xC,DFX_RGNCL_STAP,2,8,30,4,Confidential
DFX_PARNPK_STAP,0x0208820F,0xC,DFX_RGNRIGHT_STAP,3,8,24,14,Confidential
NPK_STAP,0x00088701,0xC,DFX_PARNPK_STAP,4,8,NA,0,Confidential
DFX_PARNPK_RETIME_RTAP,0x00000000,0x0,DFX_PARNPK_STAP,4,2,NA,22,Confidential
DFX_RGNRIGHT_RETIME_RTAP,0x00000000,0x0,DFX_RGNRIGHT_STAP,3,2,NA,28,Confidential
DFX_RGNTOP_STAP,0x0208C007,0xC,DFX_RGNCL_STAP,2,8,30,6,Confidential
DFX_MASTER_VNN_STAP,0x0208A301,0xC,DFX_RGNTOP_STAP,3,8,24,0,Confidential
TPSB_STAP,0x00082003,0xC,DFX_MASTER_VNN_STAP,4,8,NA,2,Confidential
DFX_MASTER_VNN_RETIME_RTAP,0x00000000,0x0,DFX_MASTER_VNN_STAP,4,2,NA,22,Confidential
DFX_PARCAVSA_STAP,0x0208A305,0xC,DFX_RGNTOP_STAP,3,8,24,4,Confidential
ADSP_TSC1_STAP,0x040804E5,0x1E,DFX_PARCAVSA_STAP,4,5,NA,0,Restricted Secret
DFX_PARCAVSA_RETIME_RTAP,0x00000000,0x0,DFX_PARCAVSA_STAP,4,2,NA,22,Confidential
DFX_PARCAVSB_STAP,0x0208A307,0xC,DFX_RGNTOP_STAP,3,8,24,6,Confidential
ADSP_TSC2_STAP,0x040904E5,0x1E,DFX_PARCAVSB_STAP,4,5,NA,0,Restricted Secret
DFX_PARCAVSB_RETIME_RTAP,0x00000000,0x0,DFX_PARCAVSB_STAP,4,2,NA,22,Confidential
DFX_PARCAVSC_STAP,0x0208A309,0xC,DFX_RGNTOP_STAP,3,8,24,8,Confidential
ADSP_TSC3_STAP,0x040A04E5,0x1E,DFX_PARCAVSC_STAP,4,5,NA,0,Restricted Secret
DFX_PARCAVSC_RETIME_RTAP,0x00000000,0x0,DFX_PARCAVSC_STAP,4,2,NA,22,Confidential
DFX_PARCAVSD_STAP,0x0208A30B,0xC,DFX_RGNTOP_STAP,3,8,24,10,Confidential
ADSP_TSC4_STAP,0x040B04E5,0x1E,DFX_PARCAVSD_STAP,4,5,NA,0,Restricted Secret
DFX_PARCAVSD_RETIME_RTAP,0x00000000,0x0,DFX_PARCAVSD_STAP,4,2,NA,22,Confidential
DFX_PARCFMIA_STAP,0x0208A30D,0xC,DFX_RGNTOP_STAP,3,8,24,12,Confidential
CSME_MIA_STAP,0x38289013,0x2,DFX_PARCFMIA_STAP,4,8,NA,0,Top Secret
DFX_PARCFMIA_RETIME_RTAP,0x00000000,0x0,DFX_PARCFMIA_STAP,4,2,NA,22,Confidential
DFX_RGNTOP_RETIME_RTAP,0x00000000,0x0,DFX_RGNTOP_STAP,3,2,NA,28,Confidential
DFX_RGNCL_RETIME_RTAP,0x00000000,0x0,DFX_RGNCL_STAP,2,2,NA,28,Confidential
CLTAP_RETIME_RTAP,0x00000000,0x0,CL_CLTAPC,1,2,NA,2,Confidential
