%Intel Confidential,,,,,,,,,,,,,,,,,,,,,,,,,,,
TAP Name,ID Value,ID Opcode,Parent TAP,Hierarchy Level,IR Length,Link IR,Link DR,Link Configuration,Link Status,Link TAP Exists Bit,WR Pre-IR Delay,WR Post-IR Delay,WR Pre-DR Delay,WR Post-DR Delay,WR Pre-Config Delay,WR Post-Config Delay,WR Pre-Status Delay,WR Post-Status Delay,RD Pre-IR Delay,RD Post-IR Delay,RD Pre-DR Delay,RD Post-DR Delay,RD Pre-Config Delay,RD Post-Config Delay,RD Pre-Status Delay,RD Post-Status Delay,Security Level
CLTAP,0x00042113,0x2,NA,0,12,NA,NA,NA,NA,NA,NA,NA,NA,NA,NA,NA,NA,NA,NA,NA,NA,NA,NA,NA,NA,NA,Confidential
CDU_PUNIT_TAP,NA,NA,CLTAP,1,8,0x760,0x761,0x762,0x763,43,0,43,0,43,0,43,0,43,0,43,0,43,0,43,0,43,Confidential
CORE0_CORE,NA,NA,CLTAP,1,8,0x8CC,0x8CD,0x8CE,0x8CF,43,0,43,0,43,0,43,0,43,0,43,0,43,0,43,0,43,Confidential
CORE1_CORE,NA,NA,CLTAP,1,8,0x90C,0x90D,0x90E,0x90F,43,0,43,0,43,0,43,0,43,0,43,0,43,0,43,0,43,Confidential
CORE2_CORE,NA,NA,CLTAP,1,8,0x94C,0x94D,0x94E,0x94F,43,0,43,0,43,0,43,0,43,0,43,0,43,0,43,0,43,Confidential
CORE3_CORE,NA,NA,CLTAP,1,8,0x98C,0x98D,0x98E,0x98F,43,0,43,0,43,0,43,0,43,0,43,0,43,0,43,0,43,Confidential
CORE4_CORE,NA,NA,CLTAP,1,8,0x9CC,0x9CD,0x9CE,0x9CF,43,0,43,0,43,0,43,0,43,0,43,0,43,0,43,0,43,Confidential
CORE5_CORE,NA,NA,CLTAP,1,8,0xA0C,0xA0D,0xA0E,0xA0F,43,0,43,0,43,0,43,0,43,0,43,0,43,0,43,0,43,Confidential
CORE6_CORE,NA,NA,CLTAP,1,8,0xA4C,0xA4D,0xA4E,0xA4F,43,0,43,0,43,0,43,0,43,0,43,0,43,0,43,0,43,Confidential
CORE7_CORE,NA,NA,CLTAP,1,8,0xA8C,0xA8D,0xA8E,0xA8F,43,0,43,0,43,0,43,0,43,0,43,0,43,0,43,0,43,Confidential
MDU_DFX_AGG_TAP,NA,NA,CLTAP,1,8,0x784,0x785,0x786,0x787,43,2,42,1,42,0,43,0,43,0,44,0,43,0,43,0,43,Confidential
PAR_NPK_NORTHPEAK_TAP,NA,NA,CLTAP,1,8,0xE80,0xE81,0xE82,0xE83,43,2,42,1,42,0,43,0,43,0,44,0,43,0,43,0,43,Confidential
PUNIT_DFX_TAP,NA,NA,CLTAP,1,8,0x148,0x149,0x14A,0x14B,43,0,43,0,43,0,43,0,43,0,43,0,43,0,43,0,43,Confidential
TCSS_PAR_TBT_DMA_0_TBT_DMA_TAP0,NA,NA,CLTAP,1,4,0xC40,0xC41,0xC42,0xC43,43,2,42,1,42,0,43,0,43,0,44,0,43,0,43,0,43,Top Secret
TCSS_PAR_TBT_DMA_1_TBT_DMA_TAP0,NA,NA,CLTAP,1,4,0xC50,0xC51,0xC52,0xC53,43,2,42,1,42,0,43,0,43,0,44,0,43,0,43,0,43,Top Secret
TCSS_PAR_TBT_TIM_0_TBT_TIM_TAP,NA,NA,CLTAP,1,5,0xC80,0xC81,0xC82,0xC83,43,2,42,1,42,0,43,0,43,0,44,0,43,0,43,0,43,Top Secret
TCSS_PAR_TBT_TIM_1_TBT_TIM_TAP,NA,NA,CLTAP,1,5,0xC90,0xC91,0xC92,0xC93,43,2,42,1,42,0,43,0,43,0,44,0,43,0,43,0,43,Top Secret
TCSS_PHY_FIA_0_MG0_TAP3,NA,NA,CLTAP,1,5,0xE00,0xE01,0xE02,0xE03,43,2,42,1,42,0,43,0,43,0,44,0,43,0,43,0,43,Top Secret
TCSS_PHY_FIA_0_MG1_TAP3,NA,NA,CLTAP,1,5,0xDE8,0xDE9,0xDEA,0xDEB,43,2,42,1,42,0,43,0,43,0,44,0,43,0,43,0,43,Top Secret
TCSS_PHY_FIA_1_MG0_TAP3,NA,NA,CLTAP,1,5,0xE50,0xE51,0xE52,0xE53,43,2,42,1,42,0,43,0,43,0,44,0,43,0,43,0,43,Top Secret
TCSS_PHY_FIA_1_MG1_TAP3,NA,NA,CLTAP,1,5,0xE38,0xE39,0xE3A,0xE3B,43,2,42,1,42,0,43,0,43,0,44,0,43,0,43,0,43,Top Secret
TCSS_UC_SUBSYSTEM,NA,NA,CLTAP,1,5,0xBD4,0xBD5,0xBD6,0xBD7,43,2,42,1,42,0,43,0,43,0,44,0,43,0,43,0,43,Top Secret
