%Intel Confidential,,,,,,,,,,,,,,,,,,,,,,,,,,,
TAP Name,ID Value,ID Opcode,Parent TAP,Hierarchy Level,IR Length,Link IR,Link DR,Link Configuration,Link Status,Link TAP Exists Bit,WR Pre-IR Delay,WR Post-IR Delay,WR Pre-DR Delay,WR Post-DR Delay,WR Pre-Config Delay,WR Post-Config Delay,WR Pre-Status Delay,WR Post-Status Delay,RD Pre-IR Delay,RD Post-IR Delay,RD Pre-DR Delay,RD Post-DR Delay,RD Pre-Config Delay,RD Post-Config Delay,RD Pre-Status Delay,RD Post-Status Delay,Security Level
CLTAP,0x0E7D2013,0x2,NA,0,12,NA,NA,NA,NA,NA,NA,NA,NA,NA,NA,NA,NA,NA,NA,NA,NA,NA,NA,NA,NA,NA,Confidential
CDU_PUNIT_TAP,NA,NA,CLTAP,1,8,0x728,0x729,0x72A,0x72B,25,0,25,0,25,0,25,0,25,0,25,0,25,0,25,0,25,Confidential
CORE0_CORE,NA,NA,CLTAP,1,8,0x944,0x945,0x946,0x947,25,0,25,0,25,0,25,0,25,0,25,0,25,0,25,0,25,Confidential
CORE1_CORE,NA,NA,CLTAP,1,8,0x984,0x985,0x986,0x987,25,0,25,0,25,0,25,0,25,0,25,0,25,0,25,0,25,Confidential
CORE2_CORE,NA,NA,CLTAP,1,8,0x9C4,0x9C5,0x9C6,0x9C7,25,0,25,0,25,0,25,0,25,0,25,0,25,0,25,0,25,Confidential
CORE3_CORE,NA,NA,CLTAP,1,8,0xA04,0xA05,0xA06,0xA07,25,0,25,0,25,0,25,0,25,0,25,0,25,0,25,0,25,Confidential
MDU_DFX_AGG_TAP,NA,NA,CLTAP,1,8,0x748,0x749,0x74A,0x74B,25,2,24,1,24,0,25,0,25,0,26,0,25,0,25,0,25,Confidential
PAR_NPK_NORTHPEAK_TAP,NA,NA,CLTAP,1,8,0xE80,0xE81,0xE82,0xE83,25,2,24,1,24,0,25,0,25,0,26,0,25,0,25,0,25,Confidential
PUNIT_DFX_TAP,NA,NA,CLTAP,1,8,0x44,0x45,0x46,0x47,25,0,25,0,25,0,25,0,25,0,25,0,25,0,25,0,25,Confidential
TCSS_PAR_TBT_DMA_0_TBT_DMA_TAP0,NA,NA,CLTAP,1,4,0xC40,0xC41,0xC42,0xC43,25,2,24,1,24,0,25,0,25,0,26,0,25,0,25,0,25,Top Secret
TCSS_PAR_TBT_DMA_1_TBT_DMA_TAP0,NA,NA,CLTAP,1,4,0xC50,0xC51,0xC52,0xC53,25,2,24,1,24,0,25,0,25,0,26,0,25,0,25,0,25,Top Secret
TCSS_PAR_TBT_TIM_0_TBT_TIM_TAP,NA,NA,CLTAP,1,5,0xC80,0xC81,0xC82,0xC83,25,2,24,1,24,0,25,0,25,0,26,0,25,0,25,0,25,Top Secret
TCSS_PAR_TBT_TIM_1_TBT_TIM_TAP,NA,NA,CLTAP,1,5,0xC90,0xC91,0xC92,0xC93,25,2,24,1,24,0,25,0,25,0,26,0,25,0,25,0,25,Top Secret
TCSS_PHY_FIA_0_MG0_TAP3,NA,NA,CLTAP,1,5,0xE00,0xE01,0xE02,0xE03,25,2,24,1,24,0,25,0,25,0,26,0,25,0,25,0,25,Top Secret
TCSS_PHY_FIA_0_MG1_TAP3,NA,NA,CLTAP,1,5,0xDE8,0xDE9,0xDEA,0xDEB,25,2,24,1,24,0,25,0,25,0,26,0,25,0,25,0,25,Top Secret
TCSS_PHY_FIA_1_MG0_TAP3,NA,NA,CLTAP,1,5,0xE50,0xE51,0xE52,0xE53,25,2,24,1,24,0,25,0,25,0,26,0,25,0,25,0,25,Top Secret
TCSS_PHY_FIA_1_MG1_TAP3,NA,NA,CLTAP,1,5,0xE38,0xE39,0xE3A,0xE3B,25,2,24,1,24,0,25,0,25,0,26,0,25,0,25,0,25,Top Secret
TCSS_UC_SUBSYSTEM,NA,NA,CLTAP,1,5,0xBD4,0xBD5,0xBD6,0xBD7,25,2,24,1,24,0,25,0,25,0,26,0,25,0,25,0,25,Top Secret
